{
    "Malignant": {
        "radius": 17.462830188679245,
        "texture": 21.60490566037736,
        "smoothness": 0.10289849056603774
    },
    "Benign": {
        "radius": 12.14652380952381,
        "texture": 17.914761904761903,
        "smoothness": 0.09247764705882353
    }
}